time_s,lat_deg,lon_deg,height_m,ecef_x_m,ecef_y_m,ecef_z_m,east_mps,north_mps,up_mps,speed_mps,course_deg
0.000,33.6844000000,73.0479000000,540.0000,1549181.8225,5082338.0830,3517670.8313,0.000000,0.000000,0.000000,0.000000,0.000000
1.000,33.6844000000,73.0479000000,540.0000,1549181.8225,5082338.0830,3517670.8313,0.000000,0.000000,0.000000,0.000000,0.000000
2.000,33.6844000000,73.0479000000,540.0000,1549181.8225,5082338.0830,3517670.8313,0.000000,0.000000,0.000000,0.000000,0.000000
3.000,33.6844000000,73.0479000000,540.0000,1549181.8225,5082338.0830,3517670.8313,0.000000,0.000000,0.000000,0.000000,0.000000
4.000,33.6844000000,73.0479000000,540.0000,1549181.8225,5082338.0830,3517670.8313,0.000000,0.000000,0.000000,0.000000,0.000000
5.000,33.6844000000,73.0479000000,540.0000,1549181.8225,5082338.0830,3517670.8313,0.000000,0.000000,0.000000,0.000000,0.000000
6.000,33.6844000000,73.0479000000,540.0000,1549181.8225,5082338.0830,3517670.8313,0.000000,0.000000,0.000000,0.000000,0.000000
7.000,33.6844000000,73.0479000000,540.0000,1549181.8225,5082338.0830,3517670.8313,0.000000,0.000000,0.000000,0.000000,0.000000
8.000,33.6844000000,73.0479000000,540.0000,1549181.8225,5082338.0830,3517670.8313,0.000000,0.000000,0.000000,0.000000,0.000000
9.000,33.6844000000,73.0479000000,540.0000,1549181.8225,5082338.0830,3517670.8313,0.000000,0.000000,0.000000,0.000000,0.000000
10.000,33.6844000000,73.0479000000,540.0000,1549181.8225,5082338.0830,3517670.8313,0.000000,0.000000,0.000000,0.000000,0.000000
11.000,33.6844000000,73.0479000000,540.0000,1549181.8225,5082338.0830,3517670.8313,0.000000,0.000000,0.000000,0.000000,0.000000
12.000,33.6844000000,73.0479000000,540.0000,1549181.8225,5082338.0830,3517670.8313,0.000000,0.000000,0.000000,0.000000,0.000000
13.000,33.6844000000,73.0479000000,540.0000,1549181.8225,5082338.0830,3517670.8313,0.000000,0.000000,0.000000,0.000000,0.000000
14.000,33.6844000000,73.0479000000,540.0000,1549181.8225,5082338.0830,3517670.8313,0.000000,0.000000,0.000000,0.000000,0.000000
15.000,33.6844000000,73.0479000000,540.0000,1549181.8225,5082338.0830,3517670.8313,0.000000,0.000000,0.000000,0.000000,0.000000
16.000,33.6844000000,73.0479000000,540.0000,1549181.8225,5082338.0830,3517670.8313,0.000000,0.000000,0.000000,0.000000,0.000000
17.000,33.6844000000,73.0479000000,540.0000,1549181.8225,5082338.0830,3517670.8313,0.000000,0.000000,0.000000,0.000000,0.000000
18.000,33.6844000000,73.0479000000,540.0000,1549181.8225,5082338.0830,3517670.8313,0.000000,0.000000,0.000000,0.000000,0.000000
19.000,33.6844000000,73.0479000000,540.0000,1549181.8225,5082338.0830,3517670.8313,0.000000,0.000000,0.000000,0.000000,0.000000
20.000,33.6844000000,73.0479000000,540.0000,1549181.8225,5082338.0830,3517670.8313,0.000000,0.000000,0.000000,0.000000,0.000000
21.000,33.6844000000,73.0479000000,540.0000,1549181.8225,5082338.0830,3517670.8313,0.000000,0.000000,0.000000,0.000000,0.000000
22.000,33.6844000000,73.0479000000,540.0000,1549181.8225,5082338.0830,3517670.8313,0.000000,0.000000,0.000000,0.000000,0.000000
23.000,33.6844000000,73.0479000000,540.0000,1549181.8225,5082338.0830,3517670.8313,0.000000,0.000000,0.000000,0.000000,0.000000
24.000,33.6844000000,73.0479000000,540.0000,1549181.8225,5082338.0830,3517670.8313,0.000000,0.000000,0.000000,0.000000,0.000000
25.000,33.6844000000,73.0479000000,540.0000,1549181.8225,5082338.0830,3517670.8313,0.000000,0.000000,0.000000,0.000000,0.000000
26.000,33.6844000000,73.0479000000,540.0000,1549181.8225,5082338.0830,3517670.8313,0.000000,0.000000,0.000000,0.000000,0.000000
27.000,33.6844000000,73.0479000000,540.0000,1549181.8225,5082338.0830,3517670.8313,0.000000,0.000000,0.000000,0.000000,0.000000
28.000,33.6844000000,73.0479000000,540.0000,1549181.8225,5082338.0830,3517670.8313,0.000000,0.000000,0.000000,0.000000,0.000000
29.000,33.6844000000,73.0479000000,540.0000,1549181.8225,5082338.0830,3517670.8313,0.000000,0.000000,0.000000,0.000000,0.000000
30.000,33.6844000000,73.0479000000,540.0000,1549181.8225,5082338.0830,3517670.8313,0.000000,0.000000,0.000000,0.000000,0.000000
31.000,33.6844000000,73.0479000000,540.0000,1549181.8225,5082338.0830,3517670.8313,0.000000,0.000000,0.000000,0.000000,0.000000
32.000,33.6844000000,73.0479000000,540.0000,1549181.8225,5082338.0830,3517670.8313,0.000000,0.000000,0.000000,0.000000,0.000000
33.000,33.6844000000,73.0479000000,540.0000,1549181.8225,5082338.0830,3517670.8313,0.000000,0.000000,0.000000,0.000000,0.000000
34.000,33.6844000000,73.0479000000,540.0000,1549181.8225,5082338.0830,3517670.8313,0.000000,0.000000,0.000000,0.000000,0.000000
35.000,33.6844000000,73.0479000000,540.0000,1549181.8225,5082338.0830,3517670.8313,0.000000,0.000000,0.000000,0.000000,0.000000
36.000,33.6844000000,73.0479000000,540.0000,1549181.8225,5082338.0830,3517670.8313,0.000000,0.000000,0.000000,0.000000,0.000000
37.000,33.6844000000,73.0479000000,540.0000,1549181.8225,5082338.0830,3517670.8313,0.000000,0.000000,0.000000,0.000000,0.000000
38.000,33.6844000000,73.0479000000,540.0000,1549181.8225,5082338.0830,3517670.8313,0.000000,0.000000,0.000000,0.000000,0.000000
39.000,33.6844000000,73.0479000000,540.0000,1549181.8225,5082338.0830,3517670.8313,0.000000,0.000000,0.000000,0.000000,0.000000
40.000,33.6844000000,73.0479000000,540.0000,1549181.8225,5082338.0830,3517670.8313,0.000000,0.000000,0.000000,0.000000,0.000000
41.000,33.6844000000,73.0479000000,540.0000,1549181.8225,5082338.0830,3517670.8313,0.000000,0.000000,0.000000,0.000000,0.000000
42.000,33.6844000000,73.0479000000,540.0000,1549181.8225,5082338.0830,3517670.8313,0.000000,0.000000,0.000000,0.000000,0.000000
43.000,33.6844000000,73.0479000000,540.0000,1549181.8225,5082338.0830,3517670.8313,0.000000,0.000000,0.000000,0.000000,0.000000
44.000,33.6844000000,73.0479000000,540.0000,1549181.8225,5082338.0830,3517670.8313,0.000000,0.000000,0.000000,0.000000,0.000000
45.000,33.6844000000,73.0479000000,540.0000,1549181.8225,5082338.0830,3517670.8313,0.000000,0.000000,0.000000,0.000000,0.000000
46.000,33.6844000000,73.0479000000,540.0000,1549181.8225,5082338.0830,3517670.8313,0.000000,0.000000,0.000000,0.000000,0.000000
47.000,33.6844000000,73.0479000000,540.0000,1549181.8225,5082338.0830,3517670.8313,0.000000,0.000000,0.000000,0.000000,0.000000
48.000,33.6844000000,73.0479000000,540.0000,1549181.8225,5082338.0830,3517670.8313,0.000000,0.000000,0.000000,0.000000,0.000000
49.000,33.6844000000,73.0479000000,540.0000,1549181.8225,5082338.0830,3517670.8313,0.000000,0.000000,0.000000,0.000000,0.000000
50.000,33.6844000000,73.0479000000,540.0000,1549181.8225,5082338.0830,3517670.8313,0.000000,0.000000,0.000000,0.000000,0.000000
51.000,33.6844000000,73.0479000000,540.0000,1549181.8225,5082338.0830,3517670.8313,0.000000,0.000000,0.000000,0.000000,0.000000
52.000,33.6844000000,73.0479000000,540.0000,1549181.8225,5082338.0830,3517670.8313,0.000000,0.000000,0.000000,0.000000,0.000000
53.000,33.6844000000,73.0479000000,540.0000,1549181.8225,5082338.0830,3517670.8313,0.000000,0.000000,0.000000,0.000000,0.000000
54.000,33.6844000000,73.0479000000,540.0000,1549181.8225,5082338.0830,3517670.8313,0.000000,0.000000,0.000000,0.000000,0.000000
55.000,33.6844000000,73.0479000000,540.0000,1549181.8225,5082338.0830,3517670.8313,0.000000,0.000000,0.000000,0.000000,0.000000
56.000,33.6844000000,73.0479000000,540.0000,1549181.8225,5082338.0830,3517670.8313,0.000000,0.000000,0.000000,0.000000,0.000000
57.000,33.6844000000,73.0479000000,540.0000,1549181.8225,5082338.0830,3517670.8313,0.000000,0.000000,0.000000,0.000000,0.000000
58.000,33.6844000000,73.0479000000,540.0000,1549181.8225,5082338.0830,3517670.8313,0.000000,0.000000,0.000000,0.000000,0.000000
59.000,33.6844000000,73.0479000000,540.0000,1549181.8225,5082338.0830,3517670.8313,0.000000,0.000000,0.000000,0.000000,0.000000
60.000,33.6844000000,73.0479000000,540.0000,1549181.8225,5082338.0830,3517670.8313,0.000000,0.000000,0.000000,0.000000,0.000000
61.000,33.6844000000,73.0479000000,540.0000,1549181.8225,5082338.0830,3517670.8313,0.000000,0.000000,0.000000,0.000000,0.000000
62.000,33.6844000000,73.0479000000,540.0000,1549181.8225,5082338.0830,3517670.8313,0.000000,0.000000,0.000000,0.000000,0.000000
63.000,33.6844000000,73.0479000000,540.0000,1549181.8225,5082338.0830,3517670.8313,0.000000,0.000000,0.000000,0.000000,0.000000
64.000,33.6844000000,73.0479000000,540.0000,1549181.8225,5082338.0830,3517670.8313,0.000000,0.000000,0.000000,0.000000,0.000000
65.000,33.6844000000,73.0479000000,540.0000,1549181.8225,5082338.0830,3517670.8313,0.000000,0.000000,0.000000,0.000000,0.000000
66.000,33.6844000000,73.0479000000,540.0000,1549181.8225,5082338.0830,3517670.8313,0.000000,0.000000,0.000000,0.000000,0.000000
67.000,33.6844000000,73.0479000000,540.0000,1549181.8225,5082338.0830,3517670.8313,0.000000,0.000000,0.000000,0.000000,0.000000
68.000,33.6844000000,73.0479000000,540.0000,1549181.8225,5082338.0830,3517670.8313,0.000000,0.000000,0.000000,0.000000,0.000000
69.000,33.6844000000,73.0479000000,540.0000,1549181.8225,5082338.0830,3517670.8313,0.000000,0.000000,0.000000,0.000000,0.000000
70.000,33.6844000000,73.0479000000,540.0000,1549181.8225,5082338.0830,3517670.8313,0.000000,0.000000,0.000000,0.000000,0.000000
71.000,33.6844000000,73.0479000000,540.0000,1549181.8225,5082338.0830,3517670.8313,0.000000,0.000000,0.000000,0.000000,0.000000
72.000,33.6844000000,73.0479000000,540.0000,1549181.8225,5082338.0830,3517670.8313,0.000000,0.000000,0.000000,0.000000,0.000000
73.000,33.6844000000,73.0479000000,540.0000,1549181.8225,5082338.0830,3517670.8313,0.000000,0.000000,0.000000,0.000000,0.000000
74.000,33.6844000000,73.0479000000,540.0000,1549181.8225,5082338.0830,3517670.8313,0.000000,0.000000,0.000000,0.000000,0.000000
75.000,33.6844000000,73.0479000000,540.0000,1549181.8225,5082338.0830,3517670.8313,0.000000,0.000000,0.000000,0.000000,0.000000
76.000,33.6844000000,73.0479000000,540.0000,1549181.8225,5082338.0830,3517670.8313,0.000000,0.000000,0.000000,0.000000,0.000000
77.000,33.6844000000,73.0479000000,540.0000,1549181.8225,5082338.0830,3517670.8313,0.000000,0.000000,0.000000,0.000000,0.000000
78.000,33.6844000000,73.0479000000,540.0000,1549181.8225,5082338.0830,3517670.8313,0.000000,0.000000,0.000000,0.000000,0.000000
79.000,33.6844000000,73.0479000000,540.0000,1549181.8225,5082338.0830,3517670.8313,0.000000,0.000000,0.000000,0.000000,0.000000
80.000,33.6844000000,73.0479000000,540.0000,1549181.8225,5082338.0830,3517670.8313,0.000000,0.000000,0.000000,0.000000,0.000000
81.000,33.6844000000,73.0479000000,540.0000,1549181.8225,5082338.0830,3517670.8313,0.000000,0.000000,0.000000,0.000000,0.000000
82.000,33.6844000000,73.0479000000,540.0000,1549181.8225,5082338.0830,3517670.8313,0.000000,0.000000,0.000000,0.000000,0.000000
83.000,33.6844000000,73.0479000000,540.0000,1549181.8225,5082338.0830,3517670.8313,0.000000,0.000000,0.000000,0.000000,0.000000
84.000,33.6844000000,73.0479000000,540.0000,1549181.8225,5082338.0830,3517670.8313,0.000000,0.000000,0.000000,0.000000,0.000000
85.000,33.6844000000,73.0479000000,540.0000,1549181.8225,5082338.0830,3517670.8313,0.000000,0.000000,0.000000,0.000000,0.000000
86.000,33.6844000000,73.0479000000,540.0000,1549181.8225,5082338.0830,3517670.8313,0.000000,0.000000,0.000000,0.000000,0.000000
87.000,33.6844000000,73.0479000000,540.0000,1549181.8225,5082338.0830,3517670.8313,0.000000,0.000000,0.000000,0.000000,0.000000
88.000,33.6844000000,73.0479000000,540.0000,1549181.8225,5082338.0830,3517670.8313,0.000000,0.000000,0.000000,0.000000,0.000000
89.000,33.6844000000,73.0479000000,540.0000,1549181.8225,5082338.0830,3517670.8313,0.000000,0.000000,0.000000,0.000000,0.000000
90.000,33.6844000000,73.0479000000,540.0000,1549181.8225,5082338.0830,3517670.8313,0.000000,0.000000,0.000000,0.000000,0.000000
91.000,33.6844000000,73.0479000000,540.0000,1549181.8225,5082338.0830,3517670.8313,0.000000,0.000000,0.000000,0.000000,0.000000
92.000,33.6844000000,73.0479000000,540.0000,1549181.8225,5082338.0830,3517670.8313,0.000000,0.000000,0.000000,0.000000,0.000000
93.000,33.6844000000,73.0479000000,540.0000,1549181.8225,5082338.0830,3517670.8313,0.000000,0.000000,0.000000,0.000000,0.000000
94.000,33.6844000000,73.0479000000,540.0000,1549181.8225,5082338.0830,3517670.8313,0.000000,0.000000,0.000000,0.000000,0.000000
95.000,33.6844000000,73.0479000000,540.0000,1549181.8225,5082338.0830,3517670.8313,0.000000,0.000000,0.000000,0.000000,0.000000
96.000,33.6844000000,73.0479000000,540.0000,1549181.8225,5082338.0830,3517670.8313,0.000000,0.000000,0.000000,0.000000,0.000000
97.000,33.6844000000,73.0479000000,540.0000,1549181.8225,5082338.0830,3517670.8313,0.000000,0.000000,0.000000,0.000000,0.000000
98.000,33.6844000000,73.0479000000,540.0000,1549181.8225,5082338.0830,3517670.8313,0.000000,0.000000,0.000000,0.000000,0.000000
99.000,33.6844000000,73.0479000000,540.0000,1549181.8225,5082338.0830,3517670.8313,0.000000,0.000000,0.000000,0.000000,0.000000
100.000,33.6844000000,73.0479000000,540.0000,1549181.8225,5082338.0830,3517670.8313,0.000000,0.000000,0.000000,0.000000,0.000000
101.000,33.6844000000,73.0479000000,540.0000,1549181.8225,5082338.0830,3517670.8313,0.000000,0.000000,0.000000,0.000000,0.000000
102.000,33.6844000000,73.0479000000,540.0000,1549181.8225,5082338.0830,3517670.8313,0.000000,0.000000,0.000000,0.000000,0.000000
103.000,33.6844000000,73.0479000000,540.0000,1549181.8225,5082338.0830,3517670.8313,0.000000,0.000000,0.000000,0.000000,0.000000
104.000,33.6844000000,73.0479000000,540.0000,1549181.8225,5082338.0830,3517670.8313,0.000000,0.000000,0.000000,0.000000,0.000000
105.000,33.6844000000,73.0479000000,540.0000,1549181.8225,5082338.0830,3517670.8313,0.000000,0.000000,0.000000,0.000000,0.000000
106.000,33.6844000000,73.0479000000,540.0000,1549181.8225,5082338.0830,3517670.8313,0.000000,0.000000,0.000000,0.000000,0.000000
107.000,33.6844000000,73.0479000000,540.0000,1549181.8225,5082338.0830,3517670.8313,0.000000,0.000000,0.000000,0.000000,0.000000
108.000,33.6844000000,73.0479000000,540.0000,1549181.8225,5082338.0830,3517670.8313,0.000000,0.000000,0.000000,0.000000,0.000000
109.000,33.6844000000,73.0479000000,540.0000,1549181.8225,5082338.0830,3517670.8313,0.000000,0.000000,0.000000,0.000000,0.000000
110.000,33.6844000000,73.0479000000,540.0000,1549181.8225,5082338.0830,3517670.8313,0.000000,0.000000,0.000000,0.000000,0.000000
111.000,33.6844000000,73.0479000000,540.0000,1549181.8225,5082338.0830,3517670.8313,0.000000,0.000000,0.000000,0.000000,0.000000
112.000,33.6844000000,73.0479000000,540.0000,1549181.8225,5082338.0830,3517670.8313,0.000000,0.000000,0.000000,0.000000,0.000000
113.000,33.6844000000,73.0479000000,540.0000,1549181.8225,5082338.0830,3517670.8313,0.000000,0.000000,0.000000,0.000000,0.000000
114.000,33.6844000000,73.0479000000,540.0000,1549181.8225,5082338.0830,3517670.8313,0.000000,0.000000,0.000000,0.000000,0.000000
115.000,33.6844000000,73.0479000000,540.0000,1549181.8225,5082338.0830,3517670.8313,0.000000,0.000000,0.000000,0.000000,0.000000
116.000,33.6844000000,73.0479000000,540.0000,1549181.8225,5082338.0830,3517670.8313,0.000000,0.000000,0.000000,0.000000,0.000000
117.000,33.6844000000,73.0479000000,540.0000,1549181.8225,5082338.0830,3517670.8313,0.000000,0.000000,0.000000,0.000000,0.000000
118.000,33.6844000000,73.0479000000,540.0000,1549181.8225,5082338.0830,3517670.8313,0.000000,0.000000,0.000000,0.000000,0.000000
119.000,33.6844000000,73.0479000000,540.0000,1549181.8225,5082338.0830,3517670.8313,0.000000,0.000000,0.000000,0.000000,0.000000
120.000,33.6844000000,73.0479000000,540.0000,1549181.8225,5082338.0830,3517670.8313,0.000000,0.000000,0.000000,0.000000,0.000000
121.000,33.6844000000,73.0479000000,540.0000,1549181.8225,5082338.0830,3517670.8313,0.000000,0.000000,0.000000,0.000000,0.000000
122.000,33.6844000000,73.0479000000,540.0000,1549181.8225,5082338.0830,3517670.8313,0.000000,0.000000,0.000000,0.000000,0.000000
123.000,33.6844000000,73.0479000000,540.0000,1549181.8225,5082338.0830,3517670.8313,0.000000,0.000000,0.000000,0.000000,0.000000
124.000,33.6844000000,73.0479000000,540.0000,1549181.8225,5082338.0830,3517670.8313,0.000000,0.000000,0.000000,0.000000,0.000000
125.000,33.6844000000,73.0479000000,540.0000,1549181.8225,5082338.0830,3517670.8313,0.000000,0.000000,0.000000,0.000000,0.000000
126.000,33.6844000000,73.0479000000,540.0000,1549181.8225,5082338.0830,3517670.8313,0.000000,0.000000,0.000000,0.000000,0.000000
127.000,33.6844000000,73.0479000000,540.0000,1549181.8225,5082338.0830,3517670.8313,0.000000,0.000000,0.000000,0.000000,0.000000
128.000,33.6844000000,73.0479000000,540.0000,1549181.8225,5082338.0830,3517670.8313,0.000000,0.000000,0.000000,0.000000,0.000000
129.000,33.6844000000,73.0479000000,540.0000,1549181.8225,5082338.0830,3517670.8313,0.000000,0.000000,0.000000,0.000000,0.000000
130.000,33.6844000000,73.0479000000,540.0000,1549181.8225,5082338.0830,3517670.8313,0.000000,0.000000,0.000000,0.000000,0.000000
131.000,33.6844000000,73.0479000000,540.0000,1549181.8225,5082338.0830,3517670.8313,0.000000,0.000000,0.000000,0.000000,0.000000
132.000,33.6844000000,73.0479000000,540.0000,1549181.8225,5082338.0830,3517670.8313,0.000000,0.000000,0.000000,0.000000,0.000000
133.000,33.6844000000,73.0479000000,540.0000,1549181.8225,5082338.0830,3517670.8313,0.000000,0.000000,0.000000,0.000000,0.000000
134.000,33.6844000000,73.0479000000,540.0000,1549181.8225,5082338.0830,3517670.8313,0.000000,0.000000,0.000000,0.000000,0.000000
135.000,33.6844000000,73.0479000000,540.0000,1549181.8225,5082338.0830,3517670.8313,0.000000,0.000000,0.000000,0.000000,0.000000
136.000,33.6844000000,73.0479000000,540.0000,1549181.8225,5082338.0830,3517670.8313,0.000000,0.000000,0.000000,0.000000,0.000000
137.000,33.6844000000,73.0479000000,540.0000,1549181.8225,5082338.0830,3517670.8313,0.000000,0.000000,0.000000,0.000000,0.000000
138.000,33.6844000000,73.0479000000,540.0000,1549181.8225,5082338.0830,3517670.8313,0.000000,0.000000,0.000000,0.000000,0.000000
139.000,33.6844000000,73.0479000000,540.0000,1549181.8225,5082338.0830,3517670.8313,0.000000,0.000000,0.000000,0.000000,0.000000
140.000,33.6844000000,73.0479000000,540.0000,1549181.8225,5082338.0830,3517670.8313,0.000000,0.000000,0.000000,0.000000,0.000000
141.000,33.6844000000,73.0479000000,540.0000,1549181.8225,5082338.0830,3517670.8313,0.000000,0.000000,0.000000,0.000000,0.000000
142.000,33.6844000000,73.0479000000,540.0000,1549181.8225,5082338.0830,3517670.8313,0.000000,0.000000,0.000000,0.000000,0.000000
143.000,33.6844000000,73.0479000000,540.0000,1549181.8225,5082338.0830,3517670.8313,0.000000,0.000000,0.000000,0.000000,0.000000
144.000,33.6844000000,73.0479000000,540.0000,1549181.8225,5082338.0830,3517670.8313,0.000000,0.000000,0.000000,0.000000,0.000000
145.000,33.6844000000,73.0479000000,540.0000,1549181.8225,5082338.0830,3517670.8313,0.000000,0.000000,0.000000,0.000000,0.000000
146.000,33.6844000000,73.0479000000,540.0000,1549181.8225,5082338.0830,3517670.8313,0.000000,0.000000,0.000000,0.000000,0.000000
147.000,33.6844000000,73.0479000000,540.0000,1549181.8225,5082338.0830,3517670.8313,0.000000,0.000000,0.000000,0.000000,0.000000
148.000,33.6844000000,73.0479000000,540.0000,1549181.8225,5082338.0830,3517670.8313,0.000000,0.000000,0.000000,0.000000,0.000000
149.000,33.6844000000,73.0479000000,540.0000,1549181.8225,5082338.0830,3517670.8313,0.000000,0.000000,0.000000,0.000000,0.000000
150.000,33.6844000000,73.0479000000,540.0000,1549181.8225,5082338.0830,3517670.8313,0.000000,0.000000,0.000000,0.000000,0.000000
151.000,33.6844000000,73.0479000000,540.0000,1549181.8225,5082338.0830,3517670.8313,0.000000,0.000000,0.000000,0.000000,0.000000
152.000,33.6844000000,73.0479000000,540.0000,1549181.8225,5082338.0830,3517670.8313,0.000000,0.000000,0.000000,0.000000,0.000000
153.000,33.6844000000,73.0479000000,540.0000,1549181.8225,5082338.0830,3517670.8313,0.000000,0.000000,0.000000,0.000000,0.000000
154.000,33.6844000000,73.0479000000,540.0000,1549181.8225,5082338.0830,3517670.8313,0.000000,0.000000,0.000000,0.000000,0.000000
155.000,33.6844000000,73.0479000000,540.0000,1549181.8225,5082338.0830,3517670.8313,0.000000,0.000000,0.000000,0.000000,0.000000
156.000,33.6844000000,73.0479000000,540.0000,1549181.8225,5082338.0830,3517670.8313,0.000000,0.000000,0.000000,0.000000,0.000000
157.000,33.6844000000,73.0479000000,540.0000,1549181.8225,5082338.0830,3517670.8313,0.000000,0.000000,0.000000,0.000000,0.000000
158.000,33.6844000000,73.0479000000,540.0000,1549181.8225,5082338.0830,3517670.8313,0.000000,0.000000,0.000000,0.000000,0.000000
159.000,33.6844000000,73.0479000000,540.0000,1549181.8225,5082338.0830,3517670.8313,0.000000,0.000000,0.000000,0.000000,0.000000
160.000,33.6844000000,73.0479000000,540.0000,1549181.8225,5082338.0830,3517670.8313,0.000000,0.000000,0.000000,0.000000,0.000000
161.000,33.6844000000,73.0479000000,540.0000,1549181.8225,5082338.0830,3517670.8313,0.000000,0.000000,0.000000,0.000000,0.000000
162.000,33.6844000000,73.0479000000,540.0000,1549181.8225,5082338.0830,3517670.8313,0.000000,0.000000,0.000000,0.000000,0.000000
163.000,33.6844000000,73.0479000000,540.0000,1549181.8225,5082338.0830,3517670.8313,0.000000,0.000000,0.000000,0.000000,0.000000
164.000,33.6844000000,73.0479000000,540.0000,1549181.8225,5082338.0830,3517670.8313,0.000000,0.000000,0.000000,0.000000,0.000000
165.000,33.6844000000,73.0479000000,540.0000,1549181.8225,5082338.0830,3517670.8313,0.000000,0.000000,0.000000,0.000000,0.000000
166.000,33.6844000000,73.0479000000,540.0000,1549181.8225,5082338.0830,3517670.8313,0.000000,0.000000,0.000000,0.000000,0.000000
167.000,33.6844000000,73.0479000000,540.0000,1549181.8225,5082338.0830,3517670.8313,0.000000,0.000000,0.000000,0.000000,0.000000
168.000,33.6844000000,73.0479000000,540.0000,1549181.8225,5082338.0830,3517670.8313,0.000000,0.000000,0.000000,0.000000,0.000000
169.000,33.6844000000,73.0479000000,540.0000,1549181.8225,5082338.0830,3517670.8313,0.000000,0.000000,0.000000,0.000000,0.000000
170.000,33.6844000000,73.0479000000,540.0000,1549181.8225,5082338.0830,3517670.8313,0.000000,0.000000,0.000000,0.000000,0.000000
171.000,33.6844000000,73.0479000000,540.0000,1549181.8225,5082338.0830,3517670.8313,0.000000,0.000000,0.000000,0.000000,0.000000
172.000,33.6844000000,73.0479000000,540.0000,1549181.8225,5082338.0830,3517670.8313,0.000000,0.000000,0.000000,0.000000,0.000000
173.000,33.6844000000,73.0479000000,540.0000,1549181.8225,5082338.0830,3517670.8313,0.000000,0.000000,0.000000,0.000000,0.000000
174.000,33.6844000000,73.0479000000,540.0000,1549181.8225,5082338.0830,3517670.8313,0.000000,0.000000,0.000000,0.000000,0.000000
175.000,33.6844000000,73.0479000000,540.0000,1549181.8225,5082338.0830,3517670.8313,0.000000,0.000000,0.000000,0.000000,0.000000
176.000,33.6844000000,73.0479000000,540.0000,1549181.8225,5082338.0830,3517670.8313,0.000000,0.000000,0.000000,0.000000,0.000000
177.000,33.6844000000,73.0479000000,540.0000,1549181.8225,5082338.0830,3517670.8313,0.000000,0.000000,0.000000,0.000000,0.000000
178.000,33.6844000000,73.0479000000,540.0000,1549181.8225,5082338.0830,3517670.8313,0.000000,0.000000,0.000000,0.000000,0.000000
179.000,33.6844000000,73.0479000000,540.0000,1549181.8225,5082338.0830,3517670.8313,0.000000,0.000000,0.000000,0.000000,0.000000
180.000,33.6844000000,73.0479000000,540.0000,1549181.8225,5082338.0830,3517670.8313,0.000000,0.000000,0.000000,0.000000,0.000000
181.000,33.6844000000,73.0479000000,540.0000,1549181.8225,5082338.0830,3517670.8313,0.000000,0.000000,0.000000,0.000000,0.000000
182.000,33.6844000000,73.0479000000,540.0000,1549181.8225,5082338.0830,3517670.8313,0.000000,0.000000,0.000000,0.000000,0.000000
183.000,33.6844000000,73.0479000000,540.0000,1549181.8225,5082338.0830,3517670.8313,0.000000,0.000000,0.000000,0.000000,0.000000
184.000,33.6844000000,73.0479000000,540.0000,1549181.8225,5082338.0830,3517670.8313,0.000000,0.000000,0.000000,0.000000,0.000000
185.000,33.6844000000,73.0479000000,540.0000,1549181.8225,5082338.0830,3517670.8313,0.000000,0.000000,0.000000,0.000000,0.000000
186.000,33.6844000000,73.0479000000,540.0000,1549181.8225,5082338.0830,3517670.8313,0.000000,0.000000,0.000000,0.000000,0.000000
187.000,33.6844000000,73.0479000000,540.0000,1549181.8225,5082338.0830,3517670.8313,0.000000,0.000000,0.000000,0.000000,0.000000
188.000,33.6844000000,73.0479000000,540.0000,1549181.8225,5082338.0830,3517670.8313,0.000000,0.000000,0.000000,0.000000,0.000000
189.000,33.6844000000,73.0479000000,540.0000,1549181.8225,5082338.0830,3517670.8313,0.000000,0.000000,0.000000,0.000000,0.000000
190.000,33.6844000000,73.0479000000,540.0000,1549181.8225,5082338.0830,3517670.8313,0.000000,0.000000,0.000000,0.000000,0.000000
191.000,33.6844000000,73.0479000000,540.0000,1549181.8225,5082338.0830,3517670.8313,0.000000,0.000000,0.000000,0.000000,0.000000
192.000,33.6844000000,73.0479000000,540.0000,1549181.8225,5082338.0830,3517670.8313,0.000000,0.000000,0.000000,0.000000,0.000000
193.000,33.6844000000,73.0479000000,540.0000,1549181.8225,5082338.0830,3517670.8313,0.000000,0.000000,0.000000,0.000000,0.000000
194.000,33.6844000000,73.0479000000,540.0000,1549181.8225,5082338.0830,3517670.8313,0.000000,0.000000,0.000000,0.000000,0.000000
195.000,33.6844000000,73.0479000000,540.0000,1549181.8225,5082338.0830,3517670.8313,0.000000,0.000000,0.000000,0.000000,0.000000
196.000,33.6844000000,73.0479000000,540.0000,1549181.8225,5082338.0830,3517670.8313,0.000000,0.000000,0.000000,0.000000,0.000000
197.000,33.6844000000,73.0479000000,540.0000,1549181.8225,5082338.0830,3517670.8313,0.000000,0.000000,0.000000,0.000000,0.000000
198.000,33.6844000000,73.0479000000,540.0000,1549181.8225,5082338.0830,3517670.8313,0.000000,0.000000,0.000000,0.000000,0.000000
199.000,33.6844000000,73.0479000000,540.0000,1549181.8225,5082338.0830,3517670.8313,0.000000,0.000000,0.000000,0.000000,0.000000
200.000,33.6844000000,73.0479000000,540.0000,1549181.8225,5082338.0830,3517670.8313,0.000000,0.000000,0.000000,0.000000,0.000000
201.000,33.6844000000,73.0479000000,540.0000,1549181.8225,5082338.0830,3517670.8313,0.000000,0.000000,0.000000,0.000000,0.000000
202.000,33.6844000000,73.0479000000,540.0000,1549181.8225,5082338.0830,3517670.8313,0.000000,0.000000,0.000000,0.000000,0.000000
203.000,33.6844000000,73.0479000000,540.0000,1549181.8225,5082338.0830,3517670.8313,0.000000,0.000000,0.000000,0.000000,0.000000
204.000,33.6844000000,73.0479000000,540.0000,1549181.8225,5082338.0830,3517670.8313,0.000000,0.000000,0.000000,0.000000,0.000000
205.000,33.6844000000,73.0479000000,540.0000,1549181.8225,5082338.0830,3517670.8313,0.000000,0.000000,0.000000,0.000000,0.000000
206.000,33.6844000000,73.0479000000,540.0000,1549181.8225,5082338.0830,3517670.8313,0.000000,0.000000,0.000000,0.000000,0.000000
207.000,33.6844000000,73.0479000000,540.0000,1549181.8225,5082338.0830,3517670.8313,0.000000,0.000000,0.000000,0.000000,0.000000
208.000,33.6844000000,73.0479000000,540.0000,1549181.8225,5082338.0830,3517670.8313,0.000000,0.000000,0.000000,0.000000,0.000000
209.000,33.6844000000,73.0479000000,540.0000,1549181.8225,5082338.0830,3517670.8313,0.000000,0.000000,0.000000,0.000000,0.000000
210.000,33.6844000000,73.0479000000,540.0000,1549181.8225,5082338.0830,3517670.8313,0.000000,0.000000,0.000000,0.000000,0.000000
211.000,33.6844000000,73.0479000000,540.0000,1549181.8225,5082338.0830,3517670.8313,0.000000,0.000000,0.000000,0.000000,0.000000
212.000,33.6844000000,73.0479000000,540.0000,1549181.8225,5082338.0830,3517670.8313,0.000000,0.000000,0.000000,0.000000,0.000000
213.000,33.6844000000,73.0479000000,540.0000,1549181.8225,5082338.0830,3517670.8313,0.000000,0.000000,0.000000,0.000000,0.000000
214.000,33.6844000000,73.0479000000,540.0000,1549181.8225,5082338.0830,3517670.8313,0.000000,0.000000,0.000000,0.000000,0.000000
215.000,33.6844000000,73.0479000000,540.0000,1549181.8225,5082338.0830,3517670.8313,0.000000,0.000000,0.000000,0.000000,0.000000
216.000,33.6844000000,73.0479000000,540.0000,1549181.8225,5082338.0830,3517670.8313,0.000000,0.000000,0.000000,0.000000,0.000000
217.000,33.6844000000,73.0479000000,540.0000,1549181.8225,5082338.0830,3517670.8313,0.000000,0.000000,0.000000,0.000000,0.000000
218.000,33.6844000000,73.0479000000,540.0000,1549181.8225,5082338.0830,3517670.8313,0.000000,0.000000,0.000000,0.000000,0.000000
219.000,33.6844000000,73.0479000000,540.0000,1549181.8225,5082338.0830,3517670.8313,0.000000,0.000000,0.000000,0.000000,0.000000
220.000,33.6844000000,73.0479000000,540.0000,1549181.8225,5082338.0830,3517670.8313,0.000000,0.000000,0.000000,0.000000,0.000000
221.000,33.6844000000,73.0479000000,540.0000,1549181.8225,5082338.0830,3517670.8313,0.000000,0.000000,0.000000,0.000000,0.000000
222.000,33.6844000000,73.0479000000,540.0000,1549181.8225,5082338.0830,3517670.8313,0.000000,0.000000,0.000000,0.000000,0.000000
223.000,33.6844000000,73.0479000000,540.0000,1549181.8225,5082338.0830,3517670.8313,0.000000,0.000000,0.000000,0.000000,0.000000
224.000,33.6844000000,73.0479000000,540.0000,1549181.8225,5082338.0830,3517670.8313,0.000000,0.000000,0.000000,0.000000,0.000000
225.000,33.6844000000,73.0479000000,540.0000,1549181.8225,5082338.0830,3517670.8313,0.000000,0.000000,0.000000,0.000000,0.000000
226.000,33.6844000000,73.0479000000,540.0000,1549181.8225,5082338.0830,3517670.8313,0.000000,0.000000,0.000000,0.000000,0.000000
227.000,33.6844000000,73.0479000000,540.0000,1549181.8225,5082338.0830,3517670.8313,0.000000,0.000000,0.000000,0.000000,0.000000
228.000,33.6844000000,73.0479000000,540.0000,1549181.8225,5082338.0830,3517670.8313,0.000000,0.000000,0.000000,0.000000,0.000000
229.000,33.6844000000,73.0479000000,540.0000,1549181.8225,5082338.0830,3517670.8313,0.000000,0.000000,0.000000,0.000000,0.000000
230.000,33.6844000000,73.0479000000,540.0000,1549181.8225,5082338.0830,3517670.8313,0.000000,0.000000,0.000000,0.000000,0.000000
231.000,33.6844000000,73.0479000000,540.0000,1549181.8225,5082338.0830,3517670.8313,0.000000,0.000000,0.000000,0.000000,0.000000
232.000,33.6844000000,73.0479000000,540.0000,1549181.8225,5082338.0830,3517670.8313,0.000000,0.000000,0.000000,0.000000,0.000000
233.000,33.6844000000,73.0479000000,540.0000,1549181.8225,5082338.0830,3517670.8313,0.000000,0.000000,0.000000,0.000000,0.000000
234.000,33.6844000000,73.0479000000,540.0000,1549181.8225,5082338.0830,3517670.8313,0.000000,0.000000,0.000000,0.000000,0.000000
235.000,33.6844000000,73.0479000000,540.0000,1549181.8225,5082338.0830,3517670.8313,0.000000,0.000000,0.000000,0.000000,0.000000
236.000,33.6844000000,73.0479000000,540.0000,1549181.8225,5082338.0830,3517670.8313,0.000000,0.000000,0.000000,0.000000,0.000000
237.000,33.6844000000,73.0479000000,540.0000,1549181.8225,5082338.0830,3517670.8313,0.000000,0.000000,0.000000,0.000000,0.000000
238.000,33.6844000000,73.0479000000,540.0000,1549181.8225,5082338.0830,3517670.8313,0.000000,0.000000,0.000000,0.000000,0.000000
239.000,33.6844000000,73.0479000000,540.0000,1549181.8225,5082338.0830,3517670.8313,0.000000,0.000000,0.000000,0.000000,0.000000
240.000,33.6844000000,73.0479000000,540.0000,1549181.8225,5082338.0830,3517670.8313,0.000000,0.000000,0.000000,0.000000,0.000000
241.000,33.6844000000,73.0479000000,540.0000,1549181.8225,5082338.0830,3517670.8313,0.000000,0.000000,0.000000,0.000000,0.000000
242.000,33.6844000000,73.0479000000,540.0000,1549181.8225,5082338.0830,3517670.8313,0.000000,0.000000,0.000000,0.000000,0.000000
243.000,33.6844000000,73.0479000000,540.0000,1549181.8225,5082338.0830,3517670.8313,0.000000,0.000000,0.000000,0.000000,0.000000
244.000,33.6844000000,73.0479000000,540.0000,1549181.8225,5082338.0830,3517670.8313,0.000000,0.000000,0.000000,0.000000,0.000000
245.000,33.6844000000,73.0479000000,540.0000,1549181.8225,5082338.0830,3517670.8313,0.000000,0.000000,0.000000,0.000000,0.000000
246.000,33.6844000000,73.0479000000,540.0000,1549181.8225,5082338.0830,3517670.8313,0.000000,0.000000,0.000000,0.000000,0.000000
247.000,33.6844000000,73.0479000000,540.0000,1549181.8225,5082338.0830,3517670.8313,0.000000,0.000000,0.000000,0.000000,0.000000
248.000,33.6844000000,73.0479000000,540.0000,1549181.8225,5082338.0830,3517670.8313,0.000000,0.000000,0.000000,0.000000,0.000000
249.000,33.6844000000,73.0479000000,540.0000,1549181.8225,5082338.0830,3517670.8313,0.000000,0.000000,0.000000,0.000000,0.000000
250.000,33.6844000000,73.0479000000,540.0000,1549181.8225,5082338.0830,3517670.8313,0.000000,0.000000,0.000000,0.000000,0.000000
251.000,33.6844000000,73.0479000000,540.0000,1549181.8225,5082338.0830,3517670.8313,0.000000,0.000000,0.000000,0.000000,0.000000
252.000,33.6844000000,73.0479000000,540.0000,1549181.8225,5082338.0830,3517670.8313,0.000000,0.000000,0.000000,0.000000,0.000000
253.000,33.6844000000,73.0479000000,540.0000,1549181.8225,5082338.0830,3517670.8313,0.000000,0.000000,0.000000,0.000000,0.000000
254.000,33.6844000000,73.0479000000,540.0000,1549181.8225,5082338.0830,3517670.8313,0.000000,0.000000,0.000000,0.000000,0.000000
255.000,33.6844000000,73.0479000000,540.0000,1549181.8225,5082338.0830,3517670.8313,0.000000,0.000000,0.000000,0.000000,0.000000
256.000,33.6844000000,73.0479000000,540.0000,1549181.8225,5082338.0830,3517670.8313,0.000000,0.000000,0.000000,0.000000,0.000000
257.000,33.6844000000,73.0479000000,540.0000,1549181.8225,5082338.0830,3517670.8313,0.000000,0.000000,0.000000,0.000000,0.000000
258.000,33.6844000000,73.0479000000,540.0000,1549181.8225,5082338.0830,3517670.8313,0.000000,0.000000,0.000000,0.000000,0.000000
259.000,33.6844000000,73.0479000000,540.0000,1549181.8225,5082338.0830,3517670.8313,0.000000,0.000000,0.000000,0.000000,0.000000
260.000,33.6844000000,73.0479000000,540.0000,1549181.8225,5082338.0830,3517670.8313,0.000000,0.000000,0.000000,0.000000,0.000000
261.000,33.6844000000,73.0479000000,540.0000,1549181.8225,5082338.0830,3517670.8313,0.000000,0.000000,0.000000,0.000000,0.000000
262.000,33.6844000000,73.0479000000,540.0000,1549181.8225,5082338.0830,3517670.8313,0.000000,0.000000,0.000000,0.000000,0.000000
263.000,33.6844000000,73.0479000000,540.0000,1549181.8225,5082338.0830,3517670.8313,0.000000,0.000000,0.000000,0.000000,0.000000
264.000,33.6844000000,73.0479000000,540.0000,1549181.8225,5082338.0830,3517670.8313,0.000000,0.000000,0.000000,0.000000,0.000000
265.000,33.6844000000,73.0479000000,540.0000,1549181.8225,5082338.0830,3517670.8313,0.000000,0.000000,0.000000,0.000000,0.000000
266.000,33.6844000000,73.0479000000,540.0000,1549181.8225,5082338.0830,3517670.8313,0.000000,0.000000,0.000000,0.000000,0.000000
267.000,33.6844000000,73.0479000000,540.0000,1549181.8225,5082338.0830,3517670.8313,0.000000,0.000000,0.000000,0.000000,0.000000
268.000,33.6844000000,73.0479000000,540.0000,1549181.8225,5082338.0830,3517670.8313,0.000000,0.000000,0.000000,0.000000,0.000000
269.000,33.6844000000,73.0479000000,540.0000,1549181.8225,5082338.0830,3517670.8313,0.000000,0.000000,0.000000,0.000000,0.000000
270.000,33.6844000000,73.0479000000,540.0000,1549181.8225,5082338.0830,3517670.8313,0.000000,0.000000,0.000000,0.000000,0.000000
271.000,33.6844000000,73.0479000000,540.0000,1549181.8225,5082338.0830,3517670.8313,0.000000,0.000000,0.000000,0.000000,0.000000
272.000,33.6844000000,73.0479000000,540.0000,1549181.8225,5082338.0830,3517670.8313,0.000000,0.000000,0.000000,0.000000,0.000000
273.000,33.6844000000,73.0479000000,540.0000,1549181.8225,5082338.0830,3517670.8313,0.000000,0.000000,0.000000,0.000000,0.000000
274.000,33.6844000000,73.0479000000,540.0000,1549181.8225,5082338.0830,3517670.8313,0.000000,0.000000,0.000000,0.000000,0.000000
275.000,33.6844000000,73.0479000000,540.0000,1549181.8225,5082338.0830,3517670.8313,0.000000,0.000000,0.000000,0.000000,0.000000
276.000,33.6844000000,73.0479000000,540.0000,1549181.8225,5082338.0830,3517670.8313,0.000000,0.000000,0.000000,0.000000,0.000000
277.000,33.6844000000,73.0479000000,540.0000,1549181.8225,5082338.0830,3517670.8313,0.000000,0.000000,0.000000,0.000000,0.000000
278.000,33.6844000000,73.0479000000,540.0000,1549181.8225,5082338.0830,3517670.8313,0.000000,0.000000,0.000000,0.000000,0.000000
279.000,33.6844000000,73.0479000000,540.0000,1549181.8225,5082338.0830,3517670.8313,0.000000,0.000000,0.000000,0.000000,0.000000
280.000,33.6844000000,73.0479000000,540.0000,1549181.8225,5082338.0830,3517670.8313,0.000000,0.000000,0.000000,0.000000,0.000000
281.000,33.6844000000,73.0479000000,540.0000,1549181.8225,5082338.0830,3517670.8313,0.000000,0.000000,0.000000,0.000000,0.000000
282.000,33.6844000000,73.0479000000,540.0000,1549181.8225,5082338.0830,3517670.8313,0.000000,0.000000,0.000000,0.000000,0.000000
283.000,33.6844000000,73.0479000000,540.0000,1549181.8225,5082338.0830,3517670.8313,0.000000,0.000000,0.000000,0.000000,0.000000
284.000,33.6844000000,73.0479000000,540.0000,1549181.8225,5082338.0830,3517670.8313,0.000000,0.000000,0.000000,0.000000,0.000000
285.000,33.6844000000,73.0479000000,540.0000,1549181.8225,5082338.0830,3517670.8313,0.000000,0.000000,0.000000,0.000000,0.000000
286.000,33.6844000000,73.0479000000,540.0000,1549181.8225,5082338.0830,3517670.8313,0.000000,0.000000,0.000000,0.000000,0.000000
287.000,33.6844000000,73.0479000000,540.0000,1549181.8225,5082338.0830,3517670.8313,0.000000,0.000000,0.000000,0.000000,0.000000
288.000,33.6844000000,73.0479000000,540.0000,1549181.8225,5082338.0830,3517670.8313,0.000000,0.000000,0.000000,0.000000,0.000000
289.000,33.6844000000,73.0479000000,540.0000,1549181.8225,5082338.0830,3517670.8313,0.000000,0.000000,0.000000,0.000000,0.000000
290.000,33.6844000000,73.0479000000,540.0000,1549181.8225,5082338.0830,3517670.8313,0.000000,0.000000,0.000000,0.000000,0.000000
291.000,33.6844000000,73.0479000000,540.0000,1549181.8225,5082338.0830,3517670.8313,0.000000,0.000000,0.000000,0.000000,0.000000
292.000,33.6844000000,73.0479000000,540.0000,1549181.8225,5082338.0830,3517670.8313,0.000000,0.000000,0.000000,0.000000,0.000000
293.000,33.6844000000,73.0479000000,540.0000,1549181.8225,5082338.0830,3517670.8313,0.000000,0.000000,0.000000,0.000000,0.000000
294.000,33.6844000000,73.0479000000,540.0000,1549181.8225,5082338.0830,3517670.8313,0.000000,0.000000,0.000000,0.000000,0.000000
295.000,33.6844000000,73.0479000000,540.0000,1549181.8225,5082338.0830,3517670.8313,0.000000,0.000000,0.000000,0.000000,0.000000
296.000,33.6844000000,73.0479000000,540.0000,1549181.8225,5082338.0830,3517670.8313,0.000000,0.000000,0.000000,0.000000,0.000000
297.000,33.6844000000,73.0479000000,540.0000,1549181.8225,5082338.0830,3517670.8313,0.000000,0.000000,0.000000,0.000000,0.000000
298.000,33.6844000000,73.0479000000,540.0000,1549181.8225,5082338.0830,3517670.8313,0.000000,0.000000,0.000000,0.000000,0.000000
299.000,33.6844000000,73.0479000000,540.0000,1549181.8225,5082338.0830,3517670.8313,0.000000,0.000000,0.000000,0.000000,0.000000
300.000,33.6844000000,73.0479000000,540.0000,1549181.8225,5082338.0830,3517670.8313,0.000000,0.000000,0.000000,0.000000,0.000000
